Total Return,CAGR,Sharpe
2.3183903337090492,0.22709622599252488,0.8595764096661521
