Total Return,CAGR,Sharpe,Max Drawdown
-0.015984955605960027,-0.9827639376733884,,0.0
