Total Return,CAGR,Sharpe Ratio,Max Drawdown
335.6772519539988,1.7006948877423542,5.347259095614321,-0.1136680947820976
